episode,seed,success,failure_code,retries,total_duration_s,phase_names,phase_durations_s,final_box_x_m,final_box_y_m,final_box_z_m
1,0,True,NONE,0,6.708,HOME|PREGRASP|GRASP|CLOSE|LIFT|PREPLACE|PLACE|OPEN|RETRACT|VERIFY,0.5080|0.5000|0.6000|2.0000|0.5000|0.6000|0.5000|0.5000|0.5000|0.5000,0.4337244414900584,0.30966408956019265,0.23987759686370508
2,0,True,NONE,0,6.747999999999999,HOME|PREGRASP|GRASP|CLOSE|LIFT|PREPLACE|PLACE|OPEN|RETRACT|VERIFY,0.5480|0.5000|0.6000|2.0000|0.5000|0.6000|0.5000|0.5000|0.5000|0.5000,0.43372795271994974,0.30965439329551303,0.23987759686370255
3,0,True,NONE,0,6.747999999999999,HOME|PREGRASP|GRASP|CLOSE|LIFT|PREPLACE|PLACE|OPEN|RETRACT|VERIFY,0.5480|0.5000|0.6000|2.0000|0.5000|0.6000|0.5000|0.5000|0.5000|0.5000,0.43372643534256605,0.30965411773162366,0.23987759686371185
4,0,True,NONE,0,6.747999999999999,HOME|PREGRASP|GRASP|CLOSE|LIFT|PREPLACE|PLACE|OPEN|RETRACT|VERIFY,0.5480|0.5000|0.6000|2.0000|0.5000|0.6000|0.5000|0.5000|0.5000|0.5000,0.43373201761614005,0.3096388334666116,0.23987759686371152
5,0,True,NONE,0,6.747999999999999,HOME|PREGRASP|GRASP|CLOSE|LIFT|PREPLACE|PLACE|OPEN|RETRACT|VERIFY,0.5480|0.5000|0.6000|2.0000|0.5000|0.6000|0.5000|0.5000|0.5000|0.5000,0.4337264353425673,0.30965411773162393,0.23987759686371188
6,0,True,NONE,0,6.747999999999999,HOME|PREGRASP|GRASP|CLOSE|LIFT|PREPLACE|PLACE|OPEN|RETRACT|VERIFY,0.5480|0.5000|0.6000|2.0000|0.5000|0.6000|0.5000|0.5000|0.5000|0.5000,0.4337264254023282,0.3096541255397007,0.23987759686371188
7,0,True,NONE,0,6.747999999999999,HOME|PREGRASP|GRASP|CLOSE|LIFT|PREPLACE|PLACE|OPEN|RETRACT|VERIFY,0.5480|0.5000|0.6000|2.0000|0.5000|0.6000|0.5000|0.5000|0.5000|0.5000,0.43372643534256605,0.30965411773162366,0.23987759686371185
8,0,True,NONE,0,6.747999999999999,HOME|PREGRASP|GRASP|CLOSE|LIFT|PREPLACE|PLACE|OPEN|RETRACT|VERIFY,0.5480|0.5000|0.6000|2.0000|0.5000|0.6000|0.5000|0.5000|0.5000|0.5000,0.43372643534256605,0.30965411773162366,0.23987759686371185
9,0,True,NONE,0,6.747999999999999,HOME|PREGRASP|GRASP|CLOSE|LIFT|PREPLACE|PLACE|OPEN|RETRACT|VERIFY,0.5480|0.5000|0.6000|2.0000|0.5000|0.6000|0.5000|0.5000|0.5000|0.5000,0.43372640622622227,0.3096535088967648,0.2398775968637119
10,0,True,NONE,0,6.748000000999999,HOME|PREGRASP|GRASP|CLOSE|LIFT|PREPLACE|PLACE|OPEN|RETRACT|VERIFY,0.5480|0.5000|0.6000|2.0000|0.5000|0.6000|0.5000|0.5000|0.5000|0.5000,0.4337246004910688,0.3096637745587614,0.23987759686370513
11,0,True,NONE,0,6.747999999999999,HOME|PREGRASP|GRASP|CLOSE|LIFT|PREPLACE|PLACE|OPEN|RETRACT|VERIFY,0.5480|0.5000|0.6000|2.0000|0.5000|0.6000|0.5000|0.5000|0.5000|0.5000,0.43373778253794515,0.3096483118050586,0.23987759686370067
12,0,True,NONE,0,6.747999999999999,HOME|PREGRASP|GRASP|CLOSE|LIFT|PREPLACE|PLACE|OPEN|RETRACT|VERIFY,0.5480|0.5000|0.6000|2.0000|0.5000|0.6000|0.5000|0.5000|0.5000|0.5000,0.4337264344066501,0.3096541189966082,0.23987759686371185
13,0,True,NONE,0,6.747999999999999,HOME|PREGRASP|GRASP|CLOSE|LIFT|PREPLACE|PLACE|OPEN|RETRACT|VERIFY,0.5480|0.5000|0.6000|2.0000|0.5000|0.6000|0.5000|0.5000|0.5000|0.5000,0.4337237029750142,0.30966315179526843,0.23987759686371443
14,0,True,NONE,0,6.747999999999999,HOME|PREGRASP|GRASP|CLOSE|LIFT|PREPLACE|PLACE|OPEN|RETRACT|VERIFY,0.5480|0.5000|0.6000|2.0000|0.5000|0.6000|0.5000|0.5000|0.5000|0.5000,0.4337264353425673,0.30965411773162393,0.23987759686371188
15,0,True,NONE,0,6.747999999999999,HOME|PREGRASP|GRASP|CLOSE|LIFT|PREPLACE|PLACE|OPEN|RETRACT|VERIFY,0.5480|0.5000|0.6000|2.0000|0.5000|0.6000|0.5000|0.5000|0.5000|0.5000,0.4337235355293272,0.3096634732409687,0.2398775968637144
16,0,True,NONE,0,6.747999999999999,HOME|PREGRASP|GRASP|CLOSE|LIFT|PREPLACE|PLACE|OPEN|RETRACT|VERIFY,0.5480|0.5000|0.6000|2.0000|0.5000|0.6000|0.5000|0.5000|0.5000|0.5000,0.43372643534256605,0.30965411773162366,0.23987759686371185
17,0,True,NONE,0,6.747999999999999,HOME|PREGRASP|GRASP|CLOSE|LIFT|PREPLACE|PLACE|OPEN|RETRACT|VERIFY,0.5480|0.5000|0.6000|2.0000|0.5000|0.6000|0.5000|0.5000|0.5000|0.5000,0.43372643534256605,0.30965411773162366,0.23987759686371185
18,0,True,NONE,0,6.747999999999999,HOME|PREGRASP|GRASP|CLOSE|LIFT|PREPLACE|PLACE|OPEN|RETRACT|VERIFY,0.5480|0.5000|0.6000|2.0000|0.5000|0.6000|0.5000|0.5000|0.5000|0.5000,0.43372797084198994,0.3096550110318745,0.23987759686370255
19,0,True,NONE,0,6.747999999999999,HOME|PREGRASP|GRASP|CLOSE|LIFT|PREPLACE|PLACE|OPEN|RETRACT|VERIFY,0.5480|0.5000|0.6000|2.0000|0.5000|0.6000|0.5000|0.5000|0.5000|0.5000,0.4337264353425673,0.30965411773162393,0.23987759686371188
20,0,True,NONE,0,6.747999999999999,HOME|PREGRASP|GRASP|CLOSE|LIFT|PREPLACE|PLACE|OPEN|RETRACT|VERIFY,0.5480|0.5000|0.6000|2.0000|0.5000|0.6000|0.5000|0.5000|0.5000|0.5000,0.4337264152441803,0.30965350228259886,0.2398775968637119
