episode,seed,success,failure_code,retries,total_duration_s,phase_names,phase_durations_s,final_box_x_m,final_box_y_m,final_box_z_m,target_tcp_x_m,target_tcp_y_m,target_tcp_z_m,ik_position_error_m,joint_tracking_error_rad,actual_tcp_position_error_m,place_error_m
1,0,True,NONE,0,6.816000000000001,HOME|PREGRASP|GRASP|CLOSE|LIFT|PREPLACE|PLACE|OPEN|RETRACT|VERIFY,0.5160|0.5500|0.6000|2.0000|0.5000|0.6500|0.5000|0.5000|0.5000|0.5000,0.49739642209404344,0.29546312243347805,0.23987759686384352,0.554500|0.500000|0.500000|0.500000|0.500000|0.500000|0.500000|0.500000|0.500000|0.500000,0.000000|-0.000000|-0.000000|-0.000000|-0.000000|0.300000|0.300000|0.300000|0.300000|0.300000,0.521100|0.389878|0.239878|0.239878|0.389878|0.390000|0.290000|0.290000|0.390000|0.390000,0.000019|0.000001|0.000000|0.000040|0.000066|0.000012|0.000008|0.000049|0.000076|0.000058,0.006556|0.007053|0.005354|0.006019|0.009568|0.007502|0.006628|0.007211|0.008622|0.006893,0.006692|0.005052|0.006117|0.006428|0.007933|0.007431|0.006782|0.007467|0.008310|0.007210,0.0052308580525564944
2,0,True,NONE,0,6.946000000000001,HOME|PREGRASP|GRASP|CLOSE|LIFT|PREPLACE|PLACE|OPEN|RETRACT|VERIFY,0.5480|0.5500|0.6000|2.0000|0.5000|0.6500|0.5500|0.5000|0.5000|0.5480,0.49744849990641943,0.2954452147489156,0.23987759686391666,0.554500|0.500000|0.500000|0.500000|0.500000|0.500000|0.500000|0.500000|0.500000|0.500000,0.000000|-0.000000|-0.000000|-0.000000|-0.000000|0.300000|0.300000|0.300000|0.300000|0.300000,0.521100|0.389878|0.239878|0.239878|0.389878|0.390000|0.290000|0.290000|0.390000|0.390000,0.000025|0.000001|0.000000|0.000040|0.000066|0.000012|0.000008|0.000051|0.000076|0.000058,0.006564|0.007087|0.005354|0.006019|0.009568|0.007502|0.006906|0.007212|0.008622|0.006892,0.006699|0.005029|0.006117|0.006428|0.007933|0.007431|0.007111|0.007470|0.008310|0.007208,0.005220749123548983
3,0,True,NONE,0,6.800000000000001,HOME|PREGRASP|GRASP|CLOSE|LIFT|PREPLACE|PLACE|OPEN|RETRACT|VERIFY,0.5000|0.5500|0.6000|2.0000|0.5000|0.6500|0.5000|0.5000|0.5000|0.5000,0.49739556442258526,0.29543470389675924,0.23987759686384816,0.554500|0.500000|0.500000|0.500000|0.500000|0.500000|0.500000|0.500000|0.500000|0.500000,0.000000|-0.000000|-0.000000|-0.000000|-0.000000|0.300000|0.300000|0.300000|0.300000|0.300000,0.521100|0.389878|0.239878|0.239878|0.389878|0.390000|0.290000|0.290000|0.390000|0.390000,0.000016|0.000001|0.000000|0.000040|0.000066|0.000012|0.000008|0.000049|0.000076|0.000057,0.006552|0.007020|0.005382|0.006019|0.009504|0.007465|0.006642|0.007211|0.008578|0.006893,0.006688|0.005074|0.006131|0.006428|0.007892|0.007423|0.006799|0.007467|0.008286|0.007210,0.005255950264906319
4,0,True,NONE,0,6.848000000000001,HOME|PREGRASP|GRASP|CLOSE|LIFT|PREPLACE|PLACE|OPEN|RETRACT|VERIFY,0.5480|0.5500|0.6000|2.0000|0.5000|0.6500|0.5000|0.5000|0.5000|0.5000,0.4973963726733699,0.2954631390871534,0.239877596863848,0.554500|0.500000|0.500000|0.500000|0.500000|0.500000|0.500000|0.500000|0.500000|0.500000,0.000000|-0.000000|-0.000000|-0.000000|-0.000000|0.300000|0.300000|0.300000|0.300000|0.300000,0.521100|0.389878|0.239878|0.239878|0.389878|0.390000|0.290000|0.290000|0.390000|0.390000,0.000026|0.000001|0.000000|0.000040|0.000066|0.000012|0.000008|0.000049|0.000076|0.000057,0.006565|0.007019|0.005382|0.006019|0.009504|0.007484|0.006642|0.007211|0.008578|0.006893,0.006700|0.005074|0.006131|0.006428|0.007892|0.007427|0.006799|0.007467|0.008286|0.007210,0.005230868206950965
5,0,True,NONE,0,6.800000000000001,HOME|PREGRASP|GRASP|CLOSE|LIFT|PREPLACE|PLACE|OPEN|RETRACT|VERIFY,0.5000|0.5500|0.6000|2.0000|0.5000|0.6500|0.5000|0.5000|0.5000|0.5000,0.4974298934882121,0.2953566718787204,0.23987759686382543,0.554500|0.500000|0.500000|0.500000|0.500000|0.500000|0.500000|0.500000|0.500000|0.500000,0.000000|-0.000000|-0.000000|-0.000000|-0.000000|0.300000|0.300000|0.300000|0.300000|0.300000,0.521100|0.389878|0.239878|0.239878|0.389878|0.390000|0.290000|0.290000|0.390000|0.390000,0.000016|0.000001|0.000000|0.000040|0.000066|0.000012|0.000008|0.000049|0.000076|0.000057,0.006552|0.007020|0.005368|0.006019|0.009568|0.007465|0.006642|0.007211|0.008578|0.006893,0.006688|0.005074|0.006124|0.006428|0.007933|0.007423|0.006799|0.007467|0.008286|0.007210,0.005307159647476278
6,0,True,NONE,0,6.894000000000001,HOME|PREGRASP|GRASP|CLOSE|LIFT|PREPLACE|PLACE|OPEN|RETRACT|VERIFY,0.5480|0.5500|0.6000|2.0000|0.5000|0.6500|0.5000|0.5460|0.5000|0.5000,0.49739556463255347,0.2954347031956694,0.23987759686392088,0.554500|0.500000|0.500000|0.500000|0.500000|0.500000|0.500000|0.500000|0.500000|0.500000,0.000000|-0.000000|-0.000000|-0.000000|-0.000000|0.300000|0.300000|0.300000|0.300000|0.300000,0.521100|0.389878|0.239878|0.239878|0.389878|0.390000|0.290000|0.290000|0.390000|0.390000,0.000026|0.000001|0.000000|0.000040|0.000066|0.000012|0.000008|0.000049|0.000076|0.000057,0.006565|0.007053|0.005382|0.006019|0.009504|0.007465|0.006642|0.007212|0.008492|0.006893,0.006700|0.005052|0.006131|0.006428|0.007892|0.007423|0.006799|0.007468|0.008239|0.007209,0.005255950769826287
7,0,True,NONE,0,6.75,HOME|PREGRASP|GRASP|CLOSE|LIFT|PREPLACE|PLACE|OPEN|RETRACT|VERIFY,0.5000|0.5500|0.5500|2.0000|0.5000|0.6500|0.5000|0.5000|0.5000|0.5000,0.4974296378582502,0.2953541101473815,0.23987759686383528,0.554500|0.500000|0.500000|0.500000|0.500000|0.500000|0.500000|0.500000|0.500000|0.500000,0.000000|-0.000000|-0.000000|-0.000000|-0.000000|0.300000|0.300000|0.300000|0.300000|0.300000,0.521100|0.389878|0.239878|0.239878|0.389878|0.390000|0.290000|0.290000|0.390000|0.390000,0.000017|0.000001|0.000000|0.000040|0.000066|0.000012|0.000008|0.000049|0.000076|0.000057,0.006553|0.006955|0.005976|0.006019|0.009382|0.007430|0.006670|0.007211|0.008492|0.006893,0.006689|0.005116|0.005919|0.006426|0.007812|0.007416|0.006832|0.007468|0.008239|0.007209,0.00530952484337386
8,0,True,NONE,0,6.75,HOME|PREGRASP|GRASP|CLOSE|LIFT|PREPLACE|PLACE|OPEN|RETRACT|VERIFY,0.5000|0.5500|0.5500|2.0000|0.5000|0.6500|0.5000|0.5000|0.5000|0.5000,0.4974296378582502,0.2953541101473815,0.23987759686383528,0.554500|0.500000|0.500000|0.500000|0.500000|0.500000|0.500000|0.500000|0.500000|0.500000,0.000000|-0.000000|-0.000000|-0.000000|-0.000000|0.300000|0.300000|0.300000|0.300000|0.300000,0.521100|0.389878|0.239878|0.239878|0.389878|0.390000|0.290000|0.290000|0.390000|0.390000,0.000017|0.000001|0.000000|0.000040|0.000066|0.000012|0.000008|0.000049|0.000076|0.000057,0.006553|0.006955|0.005976|0.006019|0.009382|0.007430|0.006670|0.007211|0.008492|0.006893,0.006689|0.005116|0.005919|0.006426|0.007812|0.007416|0.006832|0.007468|0.008239|0.007209,0.00530952484337386
9,0,True,NONE,0,6.798,HOME|PREGRASP|GRASP|CLOSE|LIFT|PREPLACE|PLACE|OPEN|RETRACT|VERIFY,0.5000|0.5500|0.5500|2.0000|0.5480|0.6500|0.5000|0.5000|0.5000|0.5000,0.49741378212606874,0.29450882541847734,0.23987759686384524,0.554500|0.500000|0.500000|0.500000|0.500000|0.500000|0.500000|0.500000|0.500000|0.500000,0.000000|-0.000000|-0.000000|-0.000000|-0.000000|0.300000|0.300000|0.300000|0.300000|0.300000,0.521100|0.389878|0.239878|0.239878|0.389878|0.390000|0.290000|0.290000|0.390000|0.390000,0.000017|0.000001|0.000000|0.000040|0.000066|0.000012|0.000008|0.000049|0.000076|0.000057,0.006553|0.006955|0.005880|0.006019|0.008219|0.007429|0.006683|0.007211|0.008667|0.006893,0.006689|0.005116|0.005930|0.006426|0.007075|0.007415|0.006765|0.007468|0.008217|0.007209,0.006069721672053999
10,0,True,NONE,0,6.798,HOME|PREGRASP|GRASP|CLOSE|LIFT|PREPLACE|PLACE|OPEN|RETRACT|VERIFY,0.5480|0.5500|0.5500|2.0000|0.5000|0.6500|0.5000|0.5000|0.5000|0.5000,0.49742958968131606,0.29535413361660057,0.23987759686384008,0.554500|0.500000|0.500000|0.500000|0.500000|0.500000|0.500000|0.500000|0.500000|0.500000,0.000000|-0.000000|-0.000000|-0.000000|-0.000000|0.300000|0.300000|0.300000|0.300000|0.300000,0.521100|0.389878|0.239878|0.239878|0.389878|0.390000|0.290000|0.290000|0.390000|0.390000,0.000026|0.000001|0.000000|0.000040|0.000066|0.000012|0.000008|0.000049|0.000076|0.000057,0.006566|0.006955|0.005785|0.006019|0.009323|0.007412|0.006684|0.007211|0.008451|0.006893,0.006701|0.005116|0.005941|0.006427|0.007774|0.007412|0.006847|0.007468|0.008217|0.007209,0.005309527630476903
11,0,True,NONE,0,6.798,HOME|PREGRASP|GRASP|CLOSE|LIFT|PREPLACE|PLACE|OPEN|RETRACT|VERIFY,0.5480|0.5500|0.5500|2.0000|0.5000|0.6500|0.5000|0.5000|0.5000|0.5000,0.49742988630649343,0.29535410864893497,0.23987759686384008,0.554500|0.500000|0.500000|0.500000|0.500000|0.500000|0.500000|0.500000|0.500000|0.500000,0.000000|-0.000000|-0.000000|-0.000000|-0.000000|0.300000|0.300000|0.300000|0.300000|0.300000,0.521100|0.389878|0.239878|0.239878|0.389878|0.390000|0.290000|0.290000|0.390000|0.390000,0.000027|0.000001|0.000000|0.000040|0.000066|0.000012|0.000008|0.000049|0.000076|0.000057,0.006566|0.006923|0.005785|0.006019|0.009323|0.007412|0.006613|0.007211|0.008451|0.006893,0.006701|0.005137|0.005941|0.006427|0.007774|0.007412|0.006847|0.007467|0.008217|0.007209,0.005309405884225727
12,0,True,NONE,0,6.75,HOME|PREGRASP|GRASP|CLOSE|LIFT|PREPLACE|PLACE|OPEN|RETRACT|VERIFY,0.5000|0.5500|0.5500|2.0000|0.5000|0.6500|0.5000|0.5000|0.5000|0.5000,0.49743611437824803,0.2949476892311079,0.23987759686385157,0.554500|0.500000|0.500000|0.500000|0.500000|0.500000|0.500000|0.500000|0.500000|0.500000,0.000000|-0.000000|-0.000000|-0.000000|-0.000000|0.300000|0.300000|0.300000|0.300000|0.300000,0.521100|0.389878|0.239878|0.239878|0.389878|0.390000|0.290000|0.290000|0.390000|0.390000,0.000017|0.000001|0.000000|0.000040|0.000066|0.000012|0.000008|0.000049|0.000076|0.000057,0.006554|0.007122|0.005880|0.006019|0.009323|0.007430|0.006684|0.007211|0.008451|0.006893,0.006690|0.005116|0.005930|0.006426|0.007975|0.007416|0.006847|0.007468|0.008217|0.007209,0.005665629143077512
13,0,True,NONE,0,6.846,HOME|PREGRASP|GRASP|CLOSE|LIFT|PREPLACE|PLACE|OPEN|RETRACT|VERIFY,0.5480|0.5480|0.6000|2.0000|0.5000|0.6500|0.5000|0.5000|0.5000|0.5000,0.4973956145124102,0.295434686409567,0.23987759686384372,0.554500|0.500000|0.500000|0.500000|0.500000|0.500000|0.500000|0.500000|0.500000|0.500000,0.000000|-0.000000|-0.000000|-0.000000|-0.000000|0.300000|0.300000|0.300000|0.300000|0.300000,0.521100|0.389878|0.239878|0.239878|0.389878|0.390000|0.290000|0.290000|0.390000|0.390000,0.000027|0.000001|0.000000|0.000040|0.000066|0.000012|0.000008|0.000049|0.000076|0.000058,0.006564|0.007122|0.005354|0.006019|0.009568|0.007484|0.006628|0.007211|0.008622|0.006893,0.006701|0.005006|0.006117|0.006428|0.007933|0.007427|0.006782|0.007467|0.008310|0.007210,0.005255940633888525
14,0,True,NONE,0,6.848000000000001,HOME|PREGRASP|GRASP|CLOSE|LIFT|PREPLACE|PLACE|OPEN|RETRACT|VERIFY,0.5480|0.5500|0.6000|2.0000|0.5000|0.6500|0.5000|0.5000|0.5000|0.5000,0.497396422250834,0.2954631222556282,0.2398775968638435,0.554500|0.500000|0.500000|0.500000|0.500000|0.500000|0.500000|0.500000|0.500000|0.500000,0.000000|-0.000000|-0.000000|-0.000000|-0.000000|0.300000|0.300000|0.300000|0.300000|0.300000,0.521100|0.389878|0.239878|0.239878|0.389878|0.390000|0.290000|0.290000|0.390000|0.390000,0.000025|0.000001|0.000000|0.000040|0.000066|0.000012|0.000008|0.000049|0.000076|0.000058,0.006564|0.007087|0.005354|0.006019|0.009568|0.007502|0.006628|0.007211|0.008622|0.006893,0.006699|0.005029|0.006117|0.006428|0.007933|0.007431|0.006782|0.007467|0.008310|0.007210,0.0052308581287708565
15,0,True,NONE,0,6.848000000000001,HOME|PREGRASP|GRASP|CLOSE|LIFT|PREPLACE|PLACE|OPEN|RETRACT|VERIFY,0.5000|0.5500|0.6000|2.0480|0.5000|0.6500|0.5000|0.5000|0.5000|0.5000,0.49739556125237594,0.2954346832870859,0.23987759686384819,0.554500|0.500000|0.500000|0.500000|0.500000|0.500000|0.500000|0.500000|0.500000|0.500000,0.000000|-0.000000|-0.000000|-0.000000|-0.000000|0.300000|0.300000|0.300000|0.300000|0.300000,0.521100|0.389878|0.239878|0.239878|0.389878|0.390000|0.290000|0.290000|0.390000|0.390000,0.000015|0.000001|0.000000|0.000040|0.000066|0.000012|0.000008|0.000049|0.000076|0.000057,0.006551|0.007053|0.005354|0.006019|0.009504|0.007465|0.006642|0.007211|0.008578|0.006893,0.006687|0.005052|0.006117|0.006428|0.007892|0.007423|0.006799|0.007467|0.008286|0.007210,0.005255969737292863
16,0,True,NONE,0,6.800000000000001,HOME|PREGRASP|GRASP|CLOSE|LIFT|PREPLACE|PLACE|OPEN|RETRACT|VERIFY,0.5000|0.5500|0.6000|2.0000|0.5000|0.6500|0.5000|0.5000|0.5000|0.5000,0.4973955644927231,0.29543470426331947,0.23987759686384819,0.554500|0.500000|0.500000|0.500000|0.500000|0.500000|0.500000|0.500000|0.500000|0.500000,0.000000|-0.000000|-0.000000|-0.000000|-0.000000|0.300000|0.300000|0.300000|0.300000|0.300000,0.521100|0.389878|0.239878|0.239878|0.389878|0.390000|0.290000|0.290000|0.390000|0.390000,0.000016|0.000001|0.000000|0.000040|0.000066|0.000012|0.000008|0.000049|0.000076|0.000057,0.006552|0.007053|0.005382|0.006019|0.009504|0.007465|0.006642|0.007211|0.008578|0.006893,0.006688|0.005052|0.006131|0.006428|0.007892|0.007423|0.006799|0.007467|0.008286|0.007210,0.005255949911758866
17,0,True,NONE,0,6.896000000000001,HOME|PREGRASP|GRASP|CLOSE|LIFT|PREPLACE|PLACE|OPEN|RETRACT|VERIFY,0.5480|0.5500|0.6000|2.0000|0.5000|0.6500|0.5000|0.5000|0.5000|0.5480,0.4973963726658108,0.2954631390919569,0.2398775968639208,0.554500|0.500000|0.500000|0.500000|0.500000|0.500000|0.500000|0.500000|0.500000|0.500000,0.000000|-0.000000|-0.000000|-0.000000|-0.000000|0.300000|0.300000|0.300000|0.300000|0.300000,0.521100|0.389878|0.239878|0.239878|0.389878|0.390000|0.290000|0.290000|0.390000|0.390000,0.000025|0.000001|0.000000|0.000040|0.000066|0.000012|0.000008|0.000049|0.000076|0.000057,0.006565|0.007019|0.005382|0.006019|0.009504|0.007484|0.006642|0.007211|0.008578|0.006892,0.006700|0.005074|0.006131|0.006428|0.007892|0.007427|0.006799|0.007467|0.008286|0.007208,0.005230868206547249
18,0,True,NONE,0,6.798,HOME|PREGRASP|GRASP|CLOSE|LIFT|PREPLACE|PLACE|OPEN|RETRACT|VERIFY,0.5480|0.5500|0.5500|2.0000|0.5000|0.6500|0.5000|0.5000|0.5000|0.5000,0.49743622877195875,0.2949476143072689,0.23987759686384266,0.554500|0.500000|0.500000|0.500000|0.500000|0.500000|0.500000|0.500000|0.500000|0.500000,0.000000|-0.000000|-0.000000|-0.000000|-0.000000|0.300000|0.300000|0.300000|0.300000|0.300000,0.521100|0.389878|0.239878|0.239878|0.389878|0.390000|0.290000|0.290000|0.390000|0.390000,0.000026|0.000001|0.000000|0.000040|0.000066|0.000012|0.000008|0.000049|0.000076|0.000057,0.006565|0.007019|0.005976|0.006019|0.009442|0.007465|0.006656|0.007211|0.008535|0.006893,0.006700|0.005074|0.005919|0.006426|0.007851|0.007423|0.006815|0.007468|0.008262|0.007209,0.005665644190897086
19,0,True,NONE,0,6.798,HOME|PREGRASP|GRASP|CLOSE|LIFT|PREPLACE|PLACE|OPEN|RETRACT|VERIFY,0.5480|0.5500|0.5500|2.0000|0.5000|0.6500|0.5000|0.5000|0.5000|0.5000,0.49742968948672983,0.2953541023145586,0.2398775968638303,0.554500|0.500000|0.500000|0.500000|0.500000|0.500000|0.500000|0.500000|0.500000|0.500000,0.000000|-0.000000|-0.000000|-0.000000|-0.000000|0.300000|0.300000|0.300000|0.300000|0.300000,0.521100|0.389878|0.239878|0.239878|0.389878|0.390000|0.290000|0.290000|0.390000|0.390000,0.000026|0.000001|0.000000|0.000040|0.000066|0.000012|0.000008|0.000049|0.000076|0.000057,0.006565|0.006987|0.005976|0.006019|0.009442|0.007447|0.006656|0.007211|0.008535|0.006893,0.006700|0.005095|0.005919|0.006426|0.007851|0.007419|0.006815|0.007468|0.008262|0.007209,0.00530950670384893
20,0,True,NONE,0,6.798,HOME|PREGRASP|GRASP|CLOSE|LIFT|PREPLACE|PLACE|OPEN|RETRACT|VERIFY,0.5480|0.5500|0.5500|2.0000|0.5000|0.6500|0.5000|0.5000|0.5000|0.5000,0.49742968948672983,0.2953541023145586,0.2398775968638303,0.554500|0.500000|0.500000|0.500000|0.500000|0.500000|0.500000|0.500000|0.500000|0.500000,0.000000|-0.000000|-0.000000|-0.000000|-0.000000|0.300000|0.300000|0.300000|0.300000|0.300000,0.521100|0.389878|0.239878|0.239878|0.389878|0.390000|0.290000|0.290000|0.390000|0.390000,0.000026|0.000001|0.000000|0.000040|0.000066|0.000012|0.000008|0.000049|0.000076|0.000057,0.006565|0.006987|0.005976|0.006019|0.009442|0.007447|0.006656|0.007211|0.008535|0.006893,0.006700|0.005095|0.005919|0.006426|0.007851|0.007419|0.006815|0.007468|0.008262|0.007209,0.00530950670384893
