episode,seed,success,failure_code,retries,total_duration_s,phase_names,phase_durations_s,final_box_x_m,final_box_y_m,final_box_z_m
1,0,True,NONE,0,6.654,HOME|PREGRASP|GRASP|CLOSE|LIFT|PREPLACE|PLACE|OPEN|RETRACT|VERIFY,0.5040|0.5000|0.6000|2.0000|0.5000|0.5500|0.5000|0.5000|0.5000|0.5000,0.43227123631348946,0.3090189673789795,0.23987759686382495
2,0,True,NONE,0,6.6979999999999995,HOME|PREGRASP|GRASP|CLOSE|LIFT|PREPLACE|PLACE|OPEN|RETRACT|VERIFY,0.5480|0.5000|0.6000|2.0000|0.5000|0.5500|0.5000|0.5000|0.5000|0.5000,0.43226867321865026,0.30902231661379376,0.23987759686382534
3,0,True,NONE,0,6.6979999999999995,HOME|PREGRASP|GRASP|CLOSE|LIFT|PREPLACE|PLACE|OPEN|RETRACT|VERIFY,0.5480|0.5000|0.6000|2.0000|0.5000|0.5500|0.5000|0.5000|0.5000|0.5000,0.43225741430798237,0.3090337722421582,0.23987759686382593
4,0,True,NONE,0,6.6979999999999995,HOME|PREGRASP|GRASP|CLOSE|LIFT|PREPLACE|PLACE|OPEN|RETRACT|VERIFY,0.5480|0.5000|0.6000|2.0000|0.5000|0.5500|0.5000|0.5000|0.5000|0.5000,0.43225741898624936,0.30903372423870923,0.23987759686382593
5,0,True,NONE,0,6.6979999999999995,HOME|PREGRASP|GRASP|CLOSE|LIFT|PREPLACE|PLACE|OPEN|RETRACT|VERIFY,0.5480|0.5000|0.6000|2.0000|0.5000|0.5500|0.5000|0.5000|0.5000|0.5000,0.4322584829013633,0.30899971502736356,0.23987759686382798
6,0,True,NONE,0,6.7459999999999996,HOME|PREGRASP|GRASP|CLOSE|LIFT|PREPLACE|PLACE|OPEN|RETRACT|VERIFY,0.5480|0.5000|0.6000|2.0000|0.5000|0.5500|0.5000|0.5480|0.5000|0.5000,0.43225848290139773,0.3089997150273365,0.23987759686391266
7,0,True,NONE,0,6.6979999999999995,HOME|PREGRASP|GRASP|CLOSE|LIFT|PREPLACE|PLACE|OPEN|RETRACT|VERIFY,0.5480|0.5000|0.6000|2.0000|0.5000|0.5500|0.5000|0.5000|0.5000|0.5000,0.4322712543787793,0.3090189402448836,0.23987759686382495
8,0,True,NONE,0,6.6979999999999995,HOME|PREGRASP|GRASP|CLOSE|LIFT|PREPLACE|PLACE|OPEN|RETRACT|VERIFY,0.5480|0.5000|0.6000|2.0000|0.5000|0.5500|0.5000|0.5000|0.5000|0.5000,0.4322708280377435,0.30901893402377567,0.23987759686382532
9,0,True,NONE,0,6.6979999999999995,HOME|PREGRASP|GRASP|CLOSE|LIFT|PREPLACE|PLACE|OPEN|RETRACT|VERIFY,0.5480|0.5000|0.6000|2.0000|0.5000|0.5500|0.5000|0.5000|0.5000|0.5000,0.43225289942041717,0.3090397517868412,0.23987759686382612
10,0,True,NONE,0,6.6979999999999995,HOME|PREGRASP|GRASP|CLOSE|LIFT|PREPLACE|PLACE|OPEN|RETRACT|VERIFY,0.5480|0.5000|0.6000|2.0000|0.5000|0.5500|0.5000|0.5000|0.5000|0.5000,0.43226867258777996,0.3090223174556399,0.23987759686382532
11,0,True,NONE,0,6.6979999999999995,HOME|PREGRASP|GRASP|CLOSE|LIFT|PREPLACE|PLACE|OPEN|RETRACT|VERIFY,0.5480|0.5000|0.6000|2.0000|0.5000|0.5500|0.5000|0.5000|0.5000|0.5000,0.4322524707282715,0.30904273885286493,0.23987759686382598
12,0,True,NONE,0,6.6979999999999995,HOME|PREGRASP|GRASP|CLOSE|LIFT|PREPLACE|PLACE|OPEN|RETRACT|VERIFY,0.5480|0.5000|0.6000|2.0000|0.5000|0.5500|0.5000|0.5000|0.5000|0.5000,0.432258853308567,0.30900189768466685,0.23987759686382779
13,0,True,NONE,0,6.6979999999999995,HOME|PREGRASP|GRASP|CLOSE|LIFT|PREPLACE|PLACE|OPEN|RETRACT|VERIFY,0.5480|0.5000|0.6000|2.0000|0.5000|0.5500|0.5000|0.5000|0.5000|0.5000,0.43226867258777996,0.3090223174556399,0.23987759686382532
14,0,True,NONE,0,6.6979999999999995,HOME|PREGRASP|GRASP|CLOSE|LIFT|PREPLACE|PLACE|OPEN|RETRACT|VERIFY,0.5480|0.5000|0.6000|2.0000|0.5000|0.5500|0.5000|0.5000|0.5000|0.5000,0.4322712543787793,0.3090189402448836,0.23987759686382495
15,0,True,NONE,0,6.6979999999999995,HOME|PREGRASP|GRASP|CLOSE|LIFT|PREPLACE|PLACE|OPEN|RETRACT|VERIFY,0.5480|0.5000|0.6000|2.0000|0.5000|0.5500|0.5000|0.5000|0.5000|0.5000,0.4322712550169581,0.30901893939713104,0.23987759686382493
16,0,True,NONE,0,6.6979999999999995,HOME|PREGRASP|GRASP|CLOSE|LIFT|PREPLACE|PLACE|OPEN|RETRACT|VERIFY,0.5480|0.5000|0.6000|2.0000|0.5000|0.5500|0.5000|0.5000|0.5000|0.5000,0.43225289942041717,0.30903975178684123,0.23987759686382612
17,0,True,NONE,0,6.6979999999999995,HOME|PREGRASP|GRASP|CLOSE|LIFT|PREPLACE|PLACE|OPEN|RETRACT|VERIFY,0.5480|0.5000|0.6000|2.0000|0.5000|0.5500|0.5000|0.5000|0.5000|0.5000,0.43226867321865026,0.30902231661379376,0.23987759686382534
18,0,True,NONE,0,6.6979999999999995,HOME|PREGRASP|GRASP|CLOSE|LIFT|PREPLACE|PLACE|OPEN|RETRACT|VERIFY,0.5480|0.5000|0.6000|2.0000|0.5000|0.5500|0.5000|0.5000|0.5000|0.5000,0.43227154183225014,0.3090170012807993,0.23987759686382534
19,0,True,NONE,0,6.6979999999999995,HOME|PREGRASP|GRASP|CLOSE|LIFT|PREPLACE|PLACE|OPEN|RETRACT|VERIFY,0.5480|0.5000|0.6000|2.0000|0.5000|0.5500|0.5000|0.5000|0.5000|0.5000,0.4322543859747082,0.30903824684239284,0.2398775968638258
20,0,True,NONE,0,6.6979999999999995,HOME|PREGRASP|GRASP|CLOSE|LIFT|PREPLACE|PLACE|OPEN|RETRACT|VERIFY,0.5480|0.5000|0.6000|2.0000|0.5000|0.5500|0.5000|0.5000|0.5000|0.5000,0.432270628336654,0.30901815924640885,0.2398775968638254
