sample,fraction,tcp_x,tcp_y,tcp_z,minimum_singular_value,condition_number,damping,maximum_joint_step,linearized_tracking_error
0,0,0.30702,5.38501e-16,0.48687,0.129377,5.06771,0,0.00315198,1.21324e-16
1,0.0125,0.308179,5.34703e-16,0.495665,0.128783,5.07684,0,0.00311072,2.40744e-16
2,0.025,0.30922,5.30712e-16,0.504402,0.128156,5.08787,0,0.0030716,3.55802e-17
3,0.0375,0.310142,5.26536e-16,0.513077,0.127497,5.10084,0,0.00303449,1.22555e-16
4,0.05,0.310945,5.22179e-16,0.521688,0.126805,5.11582,0,0.00299927,2.49761e-17
5,0.0625,0.311631,5.17648e-16,0.530233,0.126082,5.13287,0,0.00296586,1.1627e-16
6,0.075,0.3122,5.12949e-16,0.538708,0.125327,5.15206,0,0.00293415,2.32704e-16
7,0.0875,0.312652,5.08088e-16,0.54711,0.124541,5.17347,0,0.00290407,1.12785e-16
8,0.1,0.312987,5.03071e-16,0.555439,0.123722,5.1972,0,0.00287554,4.49446e-17
9,0.1125,0.313207,4.97905e-16,0.56369,0.122871,5.22333,0,0.00284848,1.28882e-16
10,0.125,0.313312,4.92596e-16,0.571861,0.121988,5.25198,0,0.00282284,2.69141e-17
11,0.1375,0.313303,4.87152e-16,0.57995,0.121071,5.28325,0,0.00279856,3.0042e-17
12,0.15,0.31318,4.81578e-16,0.587954,0.120121,5.31728,0,0.00277558,2.30498e-17
13,0.1625,0.312944,4.75881e-16,0.595871,0.119136,5.35419,0,0.00275386,2.29123e-16
14,0.175,0.312597,4.70069e-16,0.603698,0.118118,5.39411,0,0.00273336,1.15554e-16
15,0.1875,0.312139,4.64147e-16,0.611433,0.117064,5.4372,0,0.00271403,2.48905e-17
16,0.2,0.31157,4.58123e-16,0.619073,0.115974,5.48361,0,0.00269585,1.13594e-16
17,0.2125,0.310893,4.52005e-16,0.626617,0.114847,5.53351,0,0.00267878,1.22493e-16
18,0.225,0.310107,4.45798e-16,0.634061,0.113683,5.59156,0,0.00266279,1.13752e-16
19,0.2375,0.309214,4.3951e-16,0.641403,0.112481,5.6714,0,0.00264786,5.14222e-18
20,0.25,0.308216,4.33148e-16,0.648642,0.11124,5.75247,0,0.00263398,1.15527e-16
21,0.2625,0.307112,4.26719e-16,0.655774,0.10996,5.83493,0,0.00262112,1.41604e-17
22,0.275,0.305905,4.2023e-16,0.662797,0.108639,5.91896,0,0.00260928,1.19038e-16
23,0.2875,0.304595,4.13689e-16,0.66971,0.107277,6.00477,0,0.00259844,2.56625e-17
24,0.3,0.303184,4.07102e-16,0.67651,0.105872,6.09259,0,0.0025886,1.18519e-16
25,0.3125,0.301673,4.00476e-16,0.683195,0.104425,6.18267,0,0.00257975,1.93432e-17
26,0.325,0.300064,3.93819e-16,0.689763,0.102933,6.27527,0,0.00257191,9.83505e-18
27,0.3375,0.298357,3.87138e-16,0.696212,0.101397,6.37072,0,0.00256507,1.13732e-16
28,0.35,0.296554,3.8044e-16,0.702539,0.0998152,6.46935,0,0.00255924,1.14709e-16
29,0.3625,0.294657,3.73731e-16,0.708743,0.0981869,6.57153,0,0.00255445,1.14962e-16
30,0.375,0.292667,3.6702e-16,0.714821,0.0965112,6.67769,0,0.0025507,1.7073e-16
31,0.3875,0.290585,3.60312e-16,0.720773,0.0947872,6.7883,0,0.00254804,6.28513e-17
32,0.4,0.288413,3.53615e-16,0.726595,0.0930142,6.90388,0,0.00254647,5.9124e-17
33,0.4125,0.286153,3.46935e-16,0.732286,0.0911912,7.02502,0,0.00254606,1.17137e-16
34,0.425,0.283806,3.4028e-16,0.737844,0.0893175,7.16184,0,0.00254683,1.05689e-17
35,0.4375,0.281374,3.33656e-16,0.743268,0.0873923,7.32695,0,0.00254885,5.91313e-17
36,0.45,0.278858,3.27069e-16,0.748555,0.0854149,7.50413,0,0.00255218,5.91838e-17
37,0.4625,0.276261,3.20527e-16,0.753704,0.0833846,7.69456,0,0.00255689,1.79566e-17
38,0.475,0.273583,3.14036e-16,0.758714,0.0813006,7.89959,0,0.00256307,5.72466e-17
39,0.4875,0.270827,3.07602e-16,0.763582,0.0791624,8.12078,0.00104146,0.00257063,1.03874e-07
40,0.5,0.267994,3.01232e-16,0.768306,0.0769694,8.35992,0.00371647,0.00257755,1.37683e-06
41,0.5125,0.265087,2.94932e-16,0.772887,0.074721,8.61912,0.00638099,0.00258296,4.22232e-06
42,0.525,0.262107,2.88707e-16,0.777321,0.0724168,8.9008,0.00902973,0.00258636,8.78863e-06
43,0.5375,0.259055,2.82565e-16,0.781608,0.0700563,9.20784,0.0116571,0.00258721,1.52079e-05
44,0.55,0.255935,2.7651e-16,0.785745,0.0676393,9.54364,0.0142573,0.00258492,2.35865e-05
45,0.5625,0.252747,2.7055e-16,0.789733,0.0651653,9.91223,0.0168241,0.00257888,3.39937e-05
46,0.575,0.249494,2.64688e-16,0.793569,0.0626342,10.3185,0.0193512,0.00256843,4.64498e-05
47,0.5875,0.246177,2.58932e-16,0.797251,0.0600459,10.7682,0.021832,0.00255294,6.09137e-05
48,0.6,0.242799,2.53285e-16,0.80078,0.0574002,11.2687,0.0242595,0.0025318,7.72714e-05
49,0.6125,0.239362,2.47754e-16,0.804153,0.0546972,11.8286,0.0266267,0.00250443,9.53268e-05
50,0.625,0.235867,2.42344e-16,0.80737,0.051937,12.4592,0.0289262,0.0024704,0.000114795
51,0.6375,0.232317,2.3706e-16,0.81043,0.0491197,13.1744,0.0311505,0.00242938,0.000135305
52,0.65,0.228713,2.31905e-16,0.81333,0.0462456,13.9921,0.0332918,0.00238122,0.000156398
53,0.6625,0.225059,2.26886e-16,0.816071,0.043315,14.9357,0.0353423,0.00232597,0.000177549
54,0.675,0.221356,2.22006e-16,0.818651,0.0403283,16.0365,0.0372939,0.00226389,0.000198181
55,0.6875,0.217605,2.1727e-16,0.82107,0.0372862,17.3369,0.0391386,0.00219546,0.00021769
56,0.7,0.21381,2.12682e-16,0.823327,0.034189,18.896,0.0408681,0.0021214,0.000235479
57,0.7125,0.209972,2.08246e-16,0.82542,0.0310376,20.7991,0.042474,0.00204257,0.000250982
58,0.725,0.206094,2.03966e-16,0.827349,0.0278327,23.1735,0.043948,0.00196003,0.000263699
59,0.7375,0.202177,1.99845e-16,0.829114,0.0245752,26.2179,0.0452817,0.00187491,0.00027322
60,0.75,0.198225,1.95887e-16,0.830714,0.0212659,30.2617,0.0464669,0.00178842,0.000279237
61,0.7625,0.194238,1.92095e-16,0.832147,0.0179059,35.8917,0.0474952,0.00170179,0.000281564
62,0.775,0.19022,1.88473e-16,0.833414,0.0144962,44.2666,0.0483583,0.0016162,0.000280133
63,0.7875,0.186172,1.85022e-16,0.834515,0.0110382,58.0372,0.0490481,0.0015328,0.000274995
64,0.8,0.182098,1.81746e-16,0.835447,0.00753289,84.8871,0.0495567,0.00145266,0.000266311
65,0.8125,0.177998,1.78648e-16,0.836212,0.00398172,160.272,0.0498761,0.00147296,0.000254336
66,0.825,0.173876,1.75729e-16,0.836809,0.000386051,1649.43,0.0499988,0.00152556,0.000239416
67,0.8375,0.169733,1.72992e-16,0.837237,0.00325266,195.305,0.0499173,0.0015727,0.000221967
68,0.85,0.165572,1.70438e-16,0.837497,0.00693289,91.3976,0.0496245,0.00161398,0.000202464
69,0.8625,0.161396,1.6807e-16,0.837588,0.010653,59.3188,0.0491134,0.00164907,0.000181436
70,0.875,0.157205,1.65888e-16,0.837509,0.0144115,43.7215,0.0483774,0.0016777,0.000159448
71,0.8875,0.153004,1.63895e-16,0.837262,0.0182065,34.5012,0.0474103,0.00169967,0.000137096
72,0.9,0.148793,1.6209e-16,0.836845,0.0220363,28.4116,0.0462063,0.00171485,0.000114987
73,0.9125,0.144576,1.60476e-16,0.836259,0.025899,24.0902,0.0447597,0.00172321,9.3723e-05
74,0.925,0.140354,1.59053e-16,0.835503,0.0297929,20.8649,0.0430655,0.00172484,7.38793e-05
75,0.9375,0.136131,1.57821e-16,0.834579,0.0321406,19.2662,0.0419296,0.0017139,5.64553e-05
76,0.95,0.131907,1.5678e-16,0.833486,0.0280606,21.9778,0.0438484,0.00167755,4.30683e-05
77,0.9625,0.127686,1.55931e-16,0.832224,0.0239658,25.6233,0.0455128,0.00164425,3.19247e-05
78,0.975,0.12347,1.55273e-16,0.830794,0.0198683,30.7697,0.046916,0.00161371,2.37544e-05
79,0.9875,0.11926,1.54806e-16,0.829196,0.015791,38.5338,0.0480519,0.00158565,1.97603e-05
80,1,0.11506,1.5453e-16,0.82743,0.0117828,51.3898,0.0489154,0.00155984,2.02946e-05
